category_name,subcategory_name,collection_name,product_link
Living Room,Occasional Tables,Occasional Tables,https://parker-house.com/collections/occasional-tables/products/ame-06-cot
Living Room,Occasional Tables,Occasional Tables,https://parker-house.com/collections/occasional-tables/products/ame-01-cot
Living Room,Occasional Tables,Occasional Tables,https://parker-house.com/collections/occasional-tables/products/ame-05-cot
Living Room,Occasional Tables,Occasional Tables,https://parker-house.com/collections/occasional-tables/products/ame-02-cot
Living Room,Occasional Tables,Occasional Tables,https://parker-house.com/collections/occasional-tables/products/ame-09-cot
Living Room,Occasional Tables,Occasional Tables,https://parker-house.com/collections/occasional-tables/products/ame-09-4-cot
Living Room,Occasional Tables,Occasional Tables,https://parker-house.com/collections/occasional-tables/products/ame-06-den
Living Room,Occasional Tables,Occasional Tables,https://parker-house.com/collections/occasional-tables/products/ame-01-den
Living Room,Occasional Tables,Occasional Tables,https://parker-house.com/collections/occasional-tables/products/ame-02-den
Living Room,Occasional Tables,Occasional Tables,https://parker-house.com/collections/occasional-tables/products/ame-06-dov
Living Room,Occasional Tables,Occasional Tables,https://parker-house.com/collections/occasional-tables/products/ame-01-dov
Living Room,Occasional Tables,Occasional Tables,https://parker-house.com/collections/occasional-tables/products/ame-02-dov
Living Room,Occasional Tables,Occasional Tables,https://parker-house.com/collections/occasional-tables/products/dow-16
Living Room,Occasional Tables,Occasional Tables,https://parker-house.com/collections/occasional-tables/products/dow-11
Living Room,Occasional Tables,Occasional Tables,https://parker-house.com/collections/occasional-tables/products/dow-12
Living Room,Occasional Tables,Occasional Tables,https://parker-house.com/collections/occasional-tables/products/ede-04
Living Room,Occasional Tables,Occasional Tables,https://parker-house.com/collections/occasional-tables/products/ede-06
Living Room,Occasional Tables,Occasional Tables,https://parker-house.com/collections/occasional-tables/products/ede-01
Living Room,Occasional Tables,Occasional Tables,https://parker-house.com/collections/occasional-tables/products/mon-04
Living Room,Occasional Tables,Occasional Tables,https://parker-house.com/collections/occasional-tables/products/mon-02
Living Room,Occasional Tables,Occasional Tables,https://parker-house.com/collections/occasional-tables/products/mon-01
Living Room,Occasional Tables,Occasional Tables,https://parker-house.com/collections/occasional-tables/products/pal-04
Living Room,Occasional Tables,Occasional Tables,https://parker-house.com/collections/occasional-tables/products/pal-11-2
Living Room,Occasional Tables,Occasional Tables,https://parker-house.com/collections/occasional-tables/products/pal-12-2
Living Room,Occasional Tables,Occasional Tables,https://parker-house.com/collections/occasional-tables/products/ser-04
Living Room,Occasional Tables,Occasional Tables,https://parker-house.com/collections/occasional-tables/products/ser-11
Living Room,Occasional Tables,Occasional Tables,https://parker-house.com/collections/occasional-tables/products/ser-12
Living Room,Occasional Tables,Occasional Tables,https://parker-house.com/collections/occasional-tables/products/esc-01
Living Room,Occasional Tables,Occasional Tables,https://parker-house.com/collections/occasional-tables/products/esc-02
Living Room,Occasional Tables,Occasional Tables,https://parker-house.com/collections/occasional-tables/products/pur-02a
Living Room,Occasional Tables,Occasional Tables,https://parker-house.com/collections/occasional-tables/products/pur-01
Living Room,Occasional Tables,Occasional Tables,https://parker-house.com/collections/occasional-tables/products/pur-02
Living Room,Occasional Tables,Occasional Tables,https://parker-house.com/collections/occasional-tables/products/pur-01a
Living Room,Occasional Tables,Occasional Tables,https://parker-house.com/collections/occasional-tables/products/rr-06
Living Room,Occasional Tables,Occasional Tables,https://parker-house.com/collections/occasional-tables/products/rr-02
Living Room,Occasional Tables,Occasional Tables,https://parker-house.com/collections/occasional-tables/products/sun-02-ss
Living Room,Occasional Tables,Occasional Tables,https://parker-house.com/collections/occasional-tables/products/sun-09-ss
Living Room,Occasional Tables,Occasional Tables,https://parker-house.com/collections/occasional-tables/products/sun-09-4-ss
Living Room,Occasional Tables,Occasional Tables,https://parker-house.com/collections/occasional-tables/products/sun-06-sgr
Living Room,Occasional Tables,Occasional Tables,https://parker-house.com/collections/occasional-tables/products/sun-01-sgr
Living Room,Occasional Tables,Occasional Tables,https://parker-house.com/collections/occasional-tables/products/sun-02-sgr
Living Room,Occasional Tables,Occasional Tables,https://parker-house.com/collections/occasional-tables/products/sun-09-sgr
Living Room,Occasional Tables,Occasional Tables,https://parker-house.com/collections/occasional-tables/products/sun-09-4-sgr
Living Room,Occasional Tables,Occasional Tables,https://parker-house.com/collections/occasional-tables/products/ver-06
Living Room,Entertainment, TV Consoles,https://parker-house.com/collections/tv-consoles/products/ame-63-cot
Living Room,Entertainment, TV Consoles,https://parker-house.com/collections/tv-consoles/products/ame-76-cot
Living Room,Entertainment, TV Consoles,https://parker-house.com/collections/tv-consoles/products/ame-92-cot
Living Room,Entertainment, TV Consoles,https://parker-house.com/collections/tv-consoles/products/ame-63-den
Living Room,Entertainment, TV Consoles,https://parker-house.com/collections/tv-consoles/products/ame-76-den
Living Room,Entertainment, TV Consoles,https://parker-house.com/collections/tv-consoles/products/ame-92-den
Living Room,Entertainment, TV Consoles,https://parker-house.com/collections/tv-consoles/products/ame-63-dov
Living Room,Entertainment, TV Consoles,https://parker-house.com/collections/tv-consoles/products/ame-76-dov
Living Room,Entertainment, TV Consoles,https://parker-house.com/collections/tv-consoles/products/ame-92-dov
Living Room,Entertainment, TV Consoles,https://parker-house.com/collections/tv-consoles/products/asc-90-dch
Living Room,Entertainment, TV Consoles,https://parker-house.com/collections/tv-consoles/products/asc-90-2-dch-set
Living Room,Entertainment, TV Consoles,https://parker-house.com/collections/tv-consoles/products/bel-705
Living Room,Entertainment, TV Consoles,https://parker-house.com/collections/tv-consoles/products/bbg-72
Living Room,Entertainment, TV Consoles,https://parker-house.com/collections/tv-consoles/products/boc-411
Living Room,Entertainment, TV Consoles,https://parker-house.com/collections/tv-consoles/products/bru-68
Living Room,Entertainment, TV Consoles,https://parker-house.com/collections/tv-consoles/products/cai-80
Living Room,Entertainment, TV Consoles,https://parker-house.com/collections/tv-consoles/products/cap-63
Living Room,Entertainment, TV Consoles,https://parker-house.com/collections/tv-consoles/products/cap-76
Living Room,Entertainment, TV Consoles,https://parker-house.com/collections/tv-consoles/products/cat-411
Living Room,Entertainment, TV Consoles,https://parker-house.com/collections/tv-consoles/products/chk-81
Living Room,Entertainment, TV Consoles,https://parker-house.com/collections/tv-consoles/products/ccb-80
Living Room,Entertainment, TV Consoles,https://parker-house.com/collections/tv-consoles/products/cortina-90-in-console-black-tea
Living Room,Entertainment, TV Consoles,https://parker-house.com/collections/tv-consoles/products/cortina-90-in-console-whitewash
Living Room,Entertainment, TV Consoles,https://parker-house.com/collections/tv-consoles/products/csb-78
Living Room,Entertainment, TV Consoles,https://parker-house.com/collections/tv-consoles/products/dow-86
Living Room,Entertainment, TV Consoles,https://parker-house.com/collections/tv-consoles/products/ede-68
Living Room,Entertainment, TV Consoles,https://parker-house.com/collections/tv-consoles/products/mal-76
Living Room,Entertainment, TV Consoles,https://parker-house.com/collections/tv-consoles/products/mon-69
Living Room,Entertainment, TV Consoles,https://parker-house.com/collections/tv-consoles/products/mor-78
Living Room,Entertainment, TV Consoles,https://parker-house.com/collections/tv-consoles/products/pal-78
Living Room,Entertainment, TV Consoles,https://parker-house.com/collections/tv-consoles/products/por-57
Living Room,Entertainment, TV Consoles,https://parker-house.com/collections/tv-consoles/products/por-78
Living Room,Entertainment, TV Consoles,https://parker-house.com/collections/tv-consoles/products/ser-66
Living Room,Entertainment, TV Consoles,https://parker-house.com/collections/tv-consoles/products/dom-68
Living Room,Entertainment, TV Consoles,https://parker-house.com/collections/tv-consoles/products/edinburg-90-in-console-admiral-haze
Living Room,Entertainment, TV Consoles,https://parker-house.com/collections/tv-consoles/products/edinburg-90-in-console-driftwood
Living Room,Entertainment, TV Consoles,https://parker-house.com/collections/tv-consoles/products/hig-76
Living Room,Entertainment, TV Consoles,https://parker-house.com/collections/tv-consoles/products/hun-415x
Living Room,Entertainment, TV Consoles,https://parker-house.com/collections/tv-consoles/products/ill-72
Living Room,Entertainment, TV Consoles,https://parker-house.com/collections/tv-consoles/products/lod-63
Living Room,Entertainment, TV Consoles,https://parker-house.com/collections/tv-consoles/products/lov-80
Living Room,Entertainment, TV Consoles,https://parker-house.com/collections/tv-consoles/products/epal-15x
Living Room,Entertainment, TV Consoles,https://parker-house.com/collections/tv-consoles/products/pro-412
Living Room,Entertainment, TV Consoles,https://parker-house.com/collections/tv-consoles/products/pur-63a
Living Room,Entertainment, TV Consoles,https://parker-house.com/collections/tv-consoles/products/sho-412-efw
Living Room,Entertainment, TV Consoles,https://parker-house.com/collections/tv-consoles/products/sho-412-mdr
Living Room,Entertainment, TV Consoles,https://parker-house.com/collections/tv-consoles/products/sun-63-ss
Living Room,Entertainment, TV Consoles,https://parker-house.com/collections/tv-consoles/products/sun-76-ss
Living Room,Entertainment, TV Consoles,https://parker-house.com/collections/tv-consoles/products/sun-92-ss
Living Room,Entertainment, TV Consoles,https://parker-house.com/collections/tv-consoles/products/sun-63-sgr
Living Room,Entertainment, TV Consoles,https://parker-house.com/collections/tv-consoles/products/sun-76-sgr
Living Room,Entertainment, TV Consoles,https://parker-house.com/collections/tv-consoles/products/sun-92-sgr
Living Room,Entertainment, TV Consoles,https://parker-house.com/collections/tv-consoles/products/tid-62
Living Room,Entertainment, TV Consoles,https://parker-house.com/collections/tv-consoles/products/tid-72
Living Room,Entertainment, TV Consoles,https://parker-house.com/collections/tv-consoles/products/tid-84
Living Room,Entertainment, TV Consoles,https://parker-house.com/collections/tv-consoles/products/was-412
Living Room,Entertainment, Entertainment Walls,https://parker-house.com/collections/entertainment-walls/products/ame-92-3-cot
Living Room,Entertainment, Entertainment Walls,https://parker-house.com/collections/entertainment-walls/products/ame-92-4-cot
Living Room,Entertainment, Entertainment Walls,https://parker-house.com/collections/entertainment-walls/products/ame-92-3-den
Living Room,Entertainment, Entertainment Walls,https://parker-house.com/collections/entertainment-walls/products/ame-92-4-den
Living Room,Entertainment, Entertainment Walls,https://parker-house.com/collections/entertainment-walls/products/ame-92-3-dov
Living Room,Entertainment, Entertainment Walls,https://parker-house.com/collections/entertainment-walls/products/ame-92-4-dov
Living Room,Entertainment, Entertainment Walls,https://parker-house.com/collections/entertainment-walls/products/asc-90-2-dch-set
Living Room,Entertainment, Entertainment Walls,https://parker-house.com/collections/entertainment-walls/products/bel-700-4
Living Room,Entertainment, Entertainment Walls,https://parker-house.com/collections/entertainment-walls/products/cap-163-3
Living Room,Entertainment, Entertainment Walls,https://parker-house.com/collections/entertainment-walls/products/cap-176-3
Living Room,Entertainment, Entertainment Walls,https://parker-house.com/collections/entertainment-walls/products/epal-100-4x
Living Room,Entertainment, Entertainment Walls,https://parker-house.com/collections/entertainment-walls/products/pur-5pc-ent-wall
Living Room,Entertainment, Entertainment Walls,https://parker-house.com/collections/entertainment-walls/products/sho-2pc-ent-wall-efw
Living Room,Entertainment, Entertainment Walls,https://parker-house.com/collections/entertainment-walls/products/sho-2pc-ent-wall-mdr
Living Room,Entertainment, Entertainment Walls,https://parker-house.com/collections/entertainment-walls/products/sun-92-3-ss
Living Room,Entertainment, Entertainment Walls,https://parker-house.com/collections/entertainment-walls/products/sun-92-4-ss
Living Room,Entertainment, Entertainment Walls,https://parker-house.com/collections/entertainment-walls/products/sun-92-3-sgr
Living Room,Entertainment, Entertainment Walls,https://parker-house.com/collections/entertainment-walls/products/sun-92-4-sgr
Living Room,Entertainment, Entertainment Walls,https://parker-house.com/collections/entertainment-walls/products/tid-162-4
Living Room,Entertainment, Entertainment Walls,https://parker-house.com/collections/entertainment-walls/products/tid-172-4
Living Room,Entertainment, Entertainment Walls,https://parker-house.com/collections/entertainment-walls/products/was-4pc-ent-wall
Living Room,Entertainment, Entertainment Walls,https://parker-house.com/collections/entertainment-walls/products/was-2pc-ent-wall
Living Room,Accents,  Bookcases,https://parker-house.com/collections/accent-bookcase/products/add-330
Living Room,Accents,  Bookcases,https://parker-house.com/collections/accent-bookcase/products/ame-330-cot
Living Room,Accents,  Bookcases,https://parker-house.com/collections/accent-bookcase/products/ame-330-den
Living Room,Accents,  Bookcases,https://parker-house.com/collections/accent-bookcase/products/ame-330-dov
Living Room,Accents,  Bookcases,https://parker-house.com/collections/accent-bookcase/products/dow-330
Living Room,Accents,  Bookcases,https://parker-house.com/collections/accent-bookcase/products/ede-330
Living Room,Accents,  Bookcases,https://parker-house.com/collections/accent-bookcase/products/pal-330
Living Room,Accents,  Bookcases,https://parker-house.com/collections/accent-bookcase/products/ser-330
Living Room,Accents,  Bookcases,https://parker-house.com/collections/accent-bookcase/products/pur-250ap
Living Room,Accents,  Bookcases,https://parker-house.com/collections/accent-bookcase/products/tem-250p-gst
Living Room,Accents,  Chairs,https://parker-house.com/collections/accent-chairs/products/sbar_912s-snow
Living Room,Accents,  Chairs,https://parker-house.com/collections/accent-chairs/products/barolo-steamboat-ice-swivel-club-chair
Living Room,Accents,  Chairs,https://parker-house.com/collections/accent-chairs/products/sbar-912s-vgbr
Living Room,Accents,  Chairs,https://parker-house.com/collections/accent-chairs/products/barolo-vintage-caramel-swivel-club-chair
Living Room,Accents,  Chairs,https://parker-house.com/collections/accent-chairs/products/sbar-912s-vgnv
Living Room,Accents,  Chairs,https://parker-house.com/collections/accent-chairs/products/sbar-912s-vgsl
Living Room,Accents,  Chairs,https://parker-house.com/collections/accent-chairs/products/sbar-912s-vgwk
Living Room,Accents,  Chairs,https://parker-house.com/collections/accent-chairs/products/dbgo-drc-qmin
Living Room,Accents,  Chairs,https://parker-house.com/collections/accent-chairs/products/dbgo-drc-qmln
Living Room,Accents,  Chairs,https://parker-house.com/collections/accent-chairs/products/dbgo-drc-qmsg
Living Room,Accents,  Chairs,https://parker-house.com/collections/accent-chairs/products/sbmr-912s-dmdv
Living Room,Accents,  Chairs,https://parker-house.com/collections/accent-chairs/products/sbmr-912s-mgiv
Living Room,Accents,  Chairs,https://parker-house.com/collections/accent-chairs/products/sbmr-912-utsa
Living Room,Accents,  Chairs,https://parker-house.com/collections/accent-chairs/products/ddia-drc-elln
Living Room,Accents,  Chairs,https://parker-house.com/collections/accent-chairs/products/ddia-drc-elnv
Living Room,Accents,  Chairs,https://parker-house.com/collections/accent-chairs/products/ddia-drc-elrs
Living Room,Accents,  Chairs,https://parker-house.com/collections/accent-chairs/products/sorb-912-dmdv
Living Room,Accents,  Chairs,https://parker-house.com/collections/accent-chairs/products/sorb-912-elnt
Living Room,Accents,  Chairs,https://parker-house.com/collections/accent-chairs/products/dsie-drc-cpbr
Living Room,Accents,  Chairs,https://parker-house.com/collections/accent-chairs/products/dsie-drc-cpsl
Living Room,Accents,  Chairs,https://parker-house.com/collections/accent-chairs/products/dsie-drc-mrms
Living Room,Accents,  Chairs,https://parker-house.com/collections/accent-chairs/products/dslp-drc-mtiv
Living Room,Accents,  Chairs,https://parker-house.com/collections/accent-chairs/products/ssur-912-brnt
Living Room,Accents,  Chairs,https://parker-house.com/collections/accent-chairs/products/stwi-912-elrs
Living Room,Accents,  Chairs,https://parker-house.com/collections/accent-chairs/products/svog-912-fach
Living Room,Accents,  Consoles,https://parker-house.com/collections/accent-consoles/products/bbg-72
Living Room,Accents,  Consoles,https://parker-house.com/collections/accent-consoles/products/bru-68
Living Room,Accents,  Consoles,https://parker-house.com/collections/accent-consoles/products/cai-80
Living Room,Accents,  Consoles,https://parker-house.com/collections/accent-consoles/products/chk-81
Living Room,Accents,  Consoles,https://parker-house.com/collections/accent-consoles/products/ccb-80
Living Room,Accents,  Consoles,https://parker-house.com/collections/accent-consoles/products/cortina-90-in-console-black-tea
Living Room,Accents,  Consoles,https://parker-house.com/collections/accent-consoles/products/cortina-90-in-console-whitewash
Living Room,Accents,  Consoles,https://parker-house.com/collections/accent-consoles/products/csb-78
Living Room,Accents,  Consoles,https://parker-house.com/collections/accent-consoles/products/dow-86
Living Room,Accents,  Consoles,https://parker-house.com/collections/accent-consoles/products/ede-68
Living Room,Accents,  Consoles,https://parker-house.com/collections/accent-consoles/products/mal-76
Living Room,Accents,  Consoles,https://parker-house.com/collections/accent-consoles/products/mon-69
Living Room,Accents,  Consoles,https://parker-house.com/collections/accent-consoles/products/mor-78
Living Room,Accents,  Consoles,https://parker-house.com/collections/accent-consoles/products/pal-78
Living Room,Accents,  Consoles,https://parker-house.com/collections/accent-consoles/products/por-57
Living Room,Accents,  Consoles,https://parker-house.com/collections/accent-consoles/products/por-78
Living Room,Accents,  Consoles,https://parker-house.com/collections/accent-consoles/products/ser-66
Living Room,Accents,  Consoles,https://parker-house.com/collections/accent-consoles/products/edinburg-90-in-console-admiral-haze
Living Room,Accents,  Consoles,https://parker-house.com/collections/accent-consoles/products/edinburg-90-in-console-driftwood
Living Room,Accents,  Consoles,https://parker-house.com/collections/accent-consoles/products/esc-72oc
Living Room,Accents,  Consoles,https://parker-house.com/collections/accent-consoles/products/esc-90
Living Room,Accents,  Consoles,https://parker-house.com/collections/accent-consoles/products/ill-72
Living Room,Accents,  Consoles,https://parker-house.com/collections/accent-consoles/products/lod-63
Living Room,Accents,  Consoles,https://parker-house.com/collections/accent-consoles/products/lov-80
Living Room,Accents,  Consoles,https://parker-house.com/collections/accent-consoles/products/pur-63a
Living Room,Accents,  Mirrors,https://parker-house.com/collections/accent-mirrors/products/dow-m3780
Living Room,Accents,  Mirrors,https://parker-house.com/collections/accent-mirrors/products/dow-m42
Living Room,Accents,  Mirrors,https://parker-house.com/collections/accent-mirrors/products/ede-m3681
Living Room,Accents,  Mirrors,https://parker-house.com/collections/accent-mirrors/products/ede-m42
Living Room,Accents,  Mirrors,https://parker-house.com/collections/accent-mirrors/products/mon-m3680
Living Room,Accents,  Mirrors,https://parker-house.com/collections/accent-mirrors/products/mon-m3546
Living Room,Accents,  Mirrors,https://parker-house.com/collections/accent-mirrors/products/pal-m3580
Living Room,Accents,  Mirrors,https://parker-house.com/collections/accent-mirrors/products/pal-m47
Living Room,Accents,  Mirrors,https://parker-house.com/collections/accent-mirrors/products/ser-m3780
Living Room,Accents,  Mirrors,https://parker-house.com/collections/accent-mirrors/products/ser-m43
Living Room,Accents,  Mirrors,https://parker-house.com/collections/accent-mirrors/products/und-m45
Living Room,Accents, Pillows,https://parker-house.com/collections/pillows/products/mbry-pp-osm
Living Room,Accents,  Tables,https://parker-house.com/collections/accent-tables-2/products/dow-16
Living Room,Accents,  Tables,https://parker-house.com/collections/accent-tables-2/products/dow-11
Living Room,Accents,  Tables,https://parker-house.com/collections/accent-tables-2/products/dow-12
Living Room,Accents,  Tables,https://parker-house.com/collections/accent-tables-2/products/ede-04
Living Room,Accents,  Tables,https://parker-house.com/collections/accent-tables-2/products/ede-06
Living Room,Accents,  Tables,https://parker-house.com/collections/accent-tables-2/products/ede-01
Living Room,Accents,  Tables,https://parker-house.com/collections/accent-tables-2/products/mon-04
Living Room,Accents,  Tables,https://parker-house.com/collections/accent-tables-2/products/mon-01
Living Room,Accents,  Tables,https://parker-house.com/collections/accent-tables-2/products/pal-04
Living Room,Accents,  Tables,https://parker-house.com/collections/accent-tables-2/products/pal-12-2
Living Room,Accents,  Tables,https://parker-house.com/collections/accent-tables-2/products/ser-04
Living Room,Accents,  Tables,https://parker-house.com/collections/accent-tables-2/products/ser-12
Upholstery,Stationary,Sofa Groups,https://parker-house.com/collections/stationary-sofa-groups/products/sutp-932-mgiv
Upholstery,Stationary,Modular Groups & Sectionals,https://parker-house.com/collections/stationary-modular-sectionals/products/sbmp-pack4a-alfs
Upholstery,Stationary,Modular Groups & Sectionals,https://parker-house.com/collections/stationary-modular-sectionals/products/svog-pack2a-fach
Upholstery,Stationary,Modular Groups & Sectionals,https://parker-house.com/collections/stationary-modular-sectionals/products/srec-pack6a-rpbl
Upholstery,Stationary,Modular Groups & Sectionals,https://parker-house.com/collections/stationary-modular-sectionals/products/srec-pack5a-rpbl
Upholstery,Stationary,Modular Groups & Sectionals,https://parker-house.com/collections/stationary-modular-sectionals/products/ssur-pack5a-brnt
Upholstery,Stationary,Modular Groups & Sectionals,https://parker-house.com/collections/stationary-modular-sectionals/products/spla-pack6a-cncb
Upholstery,Stationary,Modular Groups & Sectionals,https://parker-house.com/collections/stationary-modular-sectionals/products/sxhl-pack6a-mthu
Upholstery,Stationary,Modular Groups & Sectionals,https://parker-house.com/collections/stationary-modular-sectionals/products/sxhl-pack5b-mthu
Upholstery,Stationary,Modular Groups & Sectionals,https://parker-house.com/collections/stationary-modular-sectionals/products/sxhl-pack5a-mthu
Upholstery,Stationary,Modular Groups & Sectionals,https://parker-house.com/collections/stationary-modular-sectionals/products/sesc-pack4a-mrms
Upholstery,Stationary,Accent Chairs,https://parker-house.com/collections/accent-chairs/products/sbar_912s-snow
Upholstery,Stationary,Accent Chairs,https://parker-house.com/collections/accent-chairs/products/barolo-steamboat-ice-swivel-club-chair
Upholstery,Stationary,Accent Chairs,https://parker-house.com/collections/accent-chairs/products/sbar-912s-vgbr
Upholstery,Stationary,Accent Chairs,https://parker-house.com/collections/accent-chairs/products/barolo-vintage-caramel-swivel-club-chair
Upholstery,Stationary,Accent Chairs,https://parker-house.com/collections/accent-chairs/products/sbar-912s-vgnv
Upholstery,Stationary,Accent Chairs,https://parker-house.com/collections/accent-chairs/products/sbar-912s-vgsl
Upholstery,Stationary,Accent Chairs,https://parker-house.com/collections/accent-chairs/products/sbar-912s-vgwk
Upholstery,Stationary,Accent Chairs,https://parker-house.com/collections/accent-chairs/products/dbgo-drc-qmin
Upholstery,Stationary,Accent Chairs,https://parker-house.com/collections/accent-chairs/products/dbgo-drc-qmln
Upholstery,Stationary,Accent Chairs,https://parker-house.com/collections/accent-chairs/products/dbgo-drc-qmsg
Upholstery,Stationary,Accent Chairs,https://parker-house.com/collections/accent-chairs/products/sbmr-912s-dmdv
Upholstery,Stationary,Accent Chairs,https://parker-house.com/collections/accent-chairs/products/sbmr-912s-mgiv
Upholstery,Stationary,Accent Chairs,https://parker-house.com/collections/accent-chairs/products/sbmr-912-utsa
Upholstery,Stationary,Accent Chairs,https://parker-house.com/collections/accent-chairs/products/ddia-drc-elln
Upholstery,Stationary,Accent Chairs,https://parker-house.com/collections/accent-chairs/products/ddia-drc-elnv
Upholstery,Stationary,Accent Chairs,https://parker-house.com/collections/accent-chairs/products/ddia-drc-elrs
Upholstery,Stationary,Accent Chairs,https://parker-house.com/collections/accent-chairs/products/sorb-912-dmdv
Upholstery,Stationary,Accent Chairs,https://parker-house.com/collections/accent-chairs/products/sorb-912-elnt
Upholstery,Stationary,Accent Chairs,https://parker-house.com/collections/accent-chairs/products/dsie-drc-cpbr
Upholstery,Stationary,Accent Chairs,https://parker-house.com/collections/accent-chairs/products/dsie-drc-cpsl
Upholstery,Stationary,Accent Chairs,https://parker-house.com/collections/accent-chairs/products/dsie-drc-mrms
Upholstery,Stationary,Accent Chairs,https://parker-house.com/collections/accent-chairs/products/dslp-drc-mtiv
Upholstery,Stationary,Accent Chairs,https://parker-house.com/collections/accent-chairs/products/ssur-912-brnt
Upholstery,Stationary,Accent Chairs,https://parker-house.com/collections/accent-chairs/products/stwi-912-elrs
Upholstery,Stationary,Accent Chairs,https://parker-house.com/collections/accent-chairs/products/svog-912-fach
Upholstery,Stationary,Ottomans,https://parker-house.com/collections/ottomans/products/mbry-800-osm
Upholstery,Stationary,Ottomans,https://parker-house.com/collections/ottomans/products/mmad-800-sqk
Upholstery,Stationary,Ottomans,https://parker-house.com/collections/ottomans/products/mmad-800-sql
Upholstery,Stationary,Ottomans,https://parker-house.com/collections/ottomans/products/spla-900-cncb
Upholstery,Stationary,Ottomans,https://parker-house.com/collections/ottomans/products/srec-900-rpbl
Upholstery,Stationary,Ottomans,https://parker-house.com/collections/ottomans/products/ssur-900-brnt
Upholstery,Stationary,Ottomans,https://parker-house.com/collections/ottomans/products/sbmp-900-azes
Upholstery,Stationary,Ottomans,https://parker-house.com/collections/ottomans/products/sutp-900-mgiv
Upholstery,Stationary,Ottomans,https://parker-house.com/collections/ottomans/products/svog-900-fach
Upholstery,Stationary,Pillows,https://parker-house.com/collections/pillows/products/mbry-pp-osm
Upholstery,Stationary,Swivel Chairs,https://parker-house.com/collections/swivel-chairs/products/sbar_912s-snow
Upholstery,Stationary,Swivel Chairs,https://parker-house.com/collections/swivel-chairs/products/barolo-steamboat-ice-swivel-club-chair
Upholstery,Stationary,Swivel Chairs,https://parker-house.com/collections/swivel-chairs/products/sbar-912s-vgbr
Upholstery,Stationary,Swivel Chairs,https://parker-house.com/collections/swivel-chairs/products/barolo-vintage-caramel-swivel-club-chair
Upholstery,Stationary,Swivel Chairs,https://parker-house.com/collections/swivel-chairs/products/sbar-912s-vgnv
Upholstery,Stationary,Swivel Chairs,https://parker-house.com/collections/swivel-chairs/products/sbar-912s-vgsl
Upholstery,Stationary,Swivel Chairs,https://parker-house.com/collections/swivel-chairs/products/sbar-912s-vgwk
Upholstery,Stationary,Swivel Chairs,https://parker-house.com/collections/swivel-chairs/products/sbmr-912s-dmdv
Upholstery,Stationary,Swivel Chairs,https://parker-house.com/collections/swivel-chairs/products/sbmr-912s-mgiv
Upholstery,Stationary,Swivel Chairs,https://parker-house.com/collections/swivel-chairs/products/sbmr-912-utsa
Upholstery,Stationary,Swivel Chairs,https://parker-house.com/collections/swivel-chairs/products/sorb-912-dmdv
Upholstery,Stationary,Swivel Chairs,https://parker-house.com/collections/swivel-chairs/products/sorb-912-elnt
Upholstery,Stationary,Swivel Chairs,https://parker-house.com/collections/swivel-chairs/products/stwi-912-elrs
Upholstery,Stationary,Swivel Chairs w/ Ottomans,https://parker-house.com/collections/swivel-chairs-and-ottomans/products/mkni-212s-blc
Upholstery,Stationary,Swivel Chairs w/ Ottomans,https://parker-house.com/collections/swivel-chairs-and-ottomans/products/mkni-212s-but
Upholstery,Stationary,Swivel Chairs w/ Ottomans,https://parker-house.com/collections/swivel-chairs-and-ottomans/products/mkni-212s-csi
Upholstery,Stationary,Swivel Chairs w/ Ottomans,https://parker-house.com/collections/swivel-chairs-and-ottomans/products/mkni-212s-haz
Upholstery,Stationary,Swivel Chairs w/ Ottomans,https://parker-house.com/collections/swivel-chairs-and-ottomans/products/mkni-212s-ice
Upholstery,Stationary,Swivel Chairs w/ Ottomans,https://parker-house.com/collections/swivel-chairs-and-ottomans/products/mkni-212s-rob
Upholstery,Stationary,Swivel Chairs w/ Ottomans,https://parker-house.com/collections/swivel-chairs-and-ottomans/products/mkni-212s-rou
Upholstery,Stationary,Swivel Chairs w/ Ottomans,https://parker-house.com/collections/swivel-chairs-and-ottomans/products/mmon-212s-but
Upholstery,Stationary,Swivel Chairs w/ Ottomans,https://parker-house.com/collections/swivel-chairs-and-ottomans/products/mmon-212s-fli
Upholstery,Stationary,Swivel Chairs w/ Ottomans,https://parker-house.com/collections/swivel-chairs-and-ottomans/products/mmon-212s-ice
Upholstery,Stationary,Swivel Chairs w/ Ottomans,https://parker-house.com/collections/swivel-chairs-and-ottomans/products/mmon-212s-lin
Upholstery,Stationary,Swivel Chairs w/ Ottomans,https://parker-house.com/collections/swivel-chairs-and-ottomans/products/mmon-212s-rob
Upholstery,Stationary,Swivel Chairs w/ Ottomans,https://parker-house.com/collections/swivel-chairs-and-ottomans/products/mmon-212s-tru
Upholstery,Cordless Recliners,Cordless Recliners,https://parker-house.com/collections/freemotion-included/products/mque-812gsph-p25-upmu
Upholstery,Cordless Recliners,Cordless Recliners,https://parker-house.com/collections/freemotion-included/products/mque-812gsph-p25-upmb
Upholstery,Cordless Recliners,Cordless Recliners,https://parker-house.com/collections/freemotion-included/products/mque-812gsph-p25-upch
Upholstery,Cordless Recliners,Cordless Recliners,https://parker-house.com/collections/freemotion-included/products/mmad-832ph-p25-pmu
Upholstery,Cordless Recliners,Cordless Recliners,https://parker-house.com/collections/freemotion-included/products/mmad-832ph-p25-pma
Upholstery,Cordless Recliners,Cordless Recliners,https://parker-house.com/collections/freemotion-included/products/mmad-822ph-p25-pmu
Upholstery,Cordless Recliners,Cordless Recliners,https://parker-house.com/collections/freemotion-included/products/mmad-822ph-p25-pma
Upholstery,Cordless Recliners,Cordless Recliners,https://parker-house.com/collections/freemotion-included/products/mmad-812ph-p25-pmu
Upholstery,Cordless Recliners,Cordless Recliners,https://parker-house.com/collections/freemotion-included/products/mmad-812ph-p25-pma
Upholstery,Cordless Recliners,Cordless Recliners,https://parker-house.com/collections/freemotion-included/products/mger-812phz-p25-vbk
Upholstery,Cordless Recliners,Cordless Recliners,https://parker-house.com/collections/freemotion-included/products/mcar-812gsph-p25-viv
Upholstery,Cordless Recliners,Cordless Recliners,https://parker-house.com/collections/freemotion-included/products/mcar-812gsph-p25-vli
Upholstery,Cordless Recliners,Cordless Recliners,https://parker-house.com/collections/freemotion-included/products/mcar-812gsph-p25-vco
Upholstery,Cordless Recliners,Cordless Recliners,https://parker-house.com/collections/freemotion-included/products/mcar-812gsph-p25-vaz
Upholstery,Cordless Recliners,Cordless Recliners,https://parker-house.com/collections/freemotion-included/products/mwhi-321ph-p25-vli
Upholstery,Cordless Recliners,Cordless Recliners,https://parker-house.com/collections/freemotion-included/products/mwhi-321ph-p25-vco
Upholstery,Cordless Recliners,Cordless Recliners,https://parker-house.com/collections/freemotion-included/products/mwhi-321ph-p25-vaz
Upholstery,Cordless Recliners,Cordless Recliners,https://parker-house.com/collections/freemotion-included/products/mwhi-832ph-p25-vli
Upholstery,Cordless Recliners,Cordless Recliners,https://parker-house.com/collections/freemotion-included/products/mwhi-832ph-p25-vco
Upholstery,Cordless Recliners,Cordless Recliners,https://parker-house.com/collections/freemotion-included/products/mwhi-832ph-p25-vaz
Upholstery,Cordless Recliners,Cordless Recliners,https://parker-house.com/collections/freemotion-included/products/mwhi-822ph-p25-vli
Upholstery,Cordless Recliners,Cordless Recliners,https://parker-house.com/collections/freemotion-included/products/mwhi-822ph-p25-vco
Upholstery,Cordless Recliners,Cordless Recliners,https://parker-house.com/collections/freemotion-included/products/mwhi-822ph-p25-vaz
Upholstery,Cordless Recliners,Cordless Recliners,https://parker-house.com/collections/freemotion-included/products/mwhi-812ph-p25-vli
Upholstery,Cordless Recliners,Cordless Recliners,https://parker-house.com/collections/freemotion-included/products/mwhi-packa-h-p50-vli
Upholstery,Cordless Recliners,Cordless Recliners,https://parker-house.com/collections/freemotion-included/products/mrad-812gsp-p25-fiv
Upholstery,Cordless Recliners,Cordless Recliners,https://parker-house.com/collections/freemotion-included/products/mrad-812gsp-p25-fhe
Upholstery,Cordless Recliners,Cordless Recliners,https://parker-house.com/collections/freemotion-included/products/mrad-812gsp-p25-fbr
Upholstery,Cordless Recliners,Cordless Recliners,https://parker-house.com/collections/freemotion-included/products/mwhi-packa-h-p50-vco
Upholstery,Cordless Recliners,Cordless Recliners,https://parker-house.com/collections/freemotion-included/products/mwhi-packa-h-p50-vaz
Upholstery,Cordless Recliners,Cordless Recliners,https://parker-house.com/collections/freemotion-included/products/mwhi-812ph-p25-vco
Upholstery,Cordless Recliners,Cordless Recliners,https://parker-house.com/collections/freemotion-included/products/mwhi-812ph-p25-vaz
Upholstery,Lift Chairs,Lift Chairs,https://parker-house.com/collections/lift-chairs/products/mgem-812lift-csi
Upholstery,Lift Chairs,Lift Chairs,https://parker-house.com/collections/lift-chairs/products/mgem-812lift-sfaz
Upholstery,Lift Chairs,Lift Chairs,https://parker-house.com/collections/lift-chairs/products/mgem-812lift-sfiv
Upholstery,Lift Chairs,Lift Chairs,https://parker-house.com/collections/lift-chairs/products/mgem-812lift-tru
Upholstery,Lift Chairs,Lift Chairs,https://parker-house.com/collections/lift-chairs/products/mher-812lift-haz
Upholstery,Lift Chairs,Lift Chairs,https://parker-house.com/collections/lift-chairs/products/mrad-812lift-kry
Upholstery,Lift Chairs,Lift Chairs,https://parker-house.com/collections/lift-chairs/products/mrad-812lift-med
Upholstery,Lift Chairs,Lift Chairs,https://parker-house.com/collections/lift-chairs/products/mrad-812lift-min
Upholstery,Lift Chairs,Lift Chairs,https://parker-house.com/collections/lift-chairs/products/mthr-812lift-nbg
Upholstery,Zero Gravity Recliners,Zero Gravity Recliners,https://parker-house.com/collections/zero-gravity-recliners/products/alpine-airy-midnight-power-zero-gravity-recliner
Upholstery,Zero Gravity Recliners,Zero Gravity Recliners,https://parker-house.com/collections/zero-gravity-recliners/products/alpine-airy-midnight-power-zero-gravity-recliner-copy
Upholstery,Zero Gravity Recliners,Zero Gravity Recliners,https://parker-house.com/collections/zero-gravity-recliners/products/atlantis-smooth-latte-power-zero-gravity-recliner
Upholstery,Zero Gravity Recliners,Zero Gravity Recliners,https://parker-house.com/collections/zero-gravity-recliners/products/matl-812phz-wsiv
Upholstery,Zero Gravity Recliners,Zero Gravity Recliners,https://parker-house.com/collections/zero-gravity-recliners/products/bradford-steamboat-ecru-zero-gravity-power-recliner
Upholstery,Zero Gravity Recliners,Zero Gravity Recliners,https://parker-house.com/collections/zero-gravity-recliners/products/bradford-steamboat-marine-power-zero-gravity-recliner
Upholstery,Zero Gravity Recliners,Zero Gravity Recliners,https://parker-house.com/collections/zero-gravity-recliners/products/bradford-steamboat-quartz-power-zero-gravity-recliner
Upholstery,Zero Gravity Recliners,Zero Gravity Recliners,https://parker-house.com/collections/zero-gravity-recliners/products/mcan-812phz-aco
Upholstery,Zero Gravity Recliners,Zero Gravity Recliners,https://parker-house.com/collections/zero-gravity-recliners/products/mcan-812phz-pew
Upholstery,Zero Gravity Recliners,Zero Gravity Recliners,https://parker-house.com/collections/zero-gravity-recliners/products/mglx-812phz-csbb
Upholstery,Zero Gravity Recliners,Zero Gravity Recliners,https://parker-house.com/collections/zero-gravity-recliners/products/mglx-812phz-csfg
Upholstery,Zero Gravity Recliners,Zero Gravity Recliners,https://parker-house.com/collections/zero-gravity-recliners/products/mger-812phz-p25-lcbt
Upholstery,Zero Gravity Recliners,Zero Gravity Recliners,https://parker-house.com/collections/zero-gravity-recliners/products/mger-812phz-p25-vbk
Upholstery,Zero Gravity Recliners,Zero Gravity Recliners,https://parker-house.com/collections/zero-gravity-recliners/products/mgla-812phz-cbl
Upholstery,Zero Gravity Recliners,Zero Gravity Recliners,https://parker-house.com/collections/zero-gravity-recliners/products/mgla-812phz-sky
Upholstery,Zero Gravity Recliners,Zero Gravity Recliners,https://parker-house.com/collections/zero-gravity-recliners/products/mjam-812phz-hkry
Upholstery,Zero Gravity Recliners,Zero Gravity Recliners,https://parker-house.com/collections/zero-gravity-recliners/products/mlin-812phz-hgy
Upholstery,Zero Gravity Recliners,Zero Gravity Recliners,https://parker-house.com/collections/zero-gravity-recliners/products/momentum-cashew
Upholstery,Zero Gravity Recliners,Zero Gravity Recliners,https://parker-house.com/collections/zero-gravity-recliners/products/nexus-autumn-umber-power-zero-gravity-recliner
Upholstery,Zero Gravity Recliners,Zero Gravity Recliners,https://parker-house.com/collections/zero-gravity-recliners/products/nexus-stone-power-zero-gravity-recliner
Upholstery,Zero Gravity Recliners,Zero Gravity Recliners,https://parker-house.com/collections/zero-gravity-recliners/products/alpine-airy-snow-power-zero-gravity-recliner-copy
Upholstery,Zero Gravity Recliners,Zero Gravity Recliners,https://parker-house.com/collections/zero-gravity-recliners/products/mpro-812phz-p25-twi
Upholstery,Zero Gravity Recliners,Zero Gravity Recliners,https://parker-house.com/collections/zero-gravity-recliners/products/mstr-812phz-blct
Upholstery,Zero Gravity Recliners,Zero Gravity Recliners,https://parker-house.com/collections/zero-gravity-recliners/products/mstr-812phz-blsm
Upholstery,Zero Gravity Recliners,Zero Gravity Recliners,https://parker-house.com/collections/zero-gravity-recliners/products/alpine-airy-snow-power-zero-gravity-recliner-copy-1
Upholstery,Zero Gravity Recliners,Zero Gravity Recliners,https://parker-house.com/collections/zero-gravity-recliners/products/taylor-brazilian-cocoa-power-zero-gravity-recliner
Dining,Category,Bars,https://parker-house.com/collections/dining-bars/products/dame-78bar-2-cot
Dining,Category,Bars,https://parker-house.com/collections/dining-bars/products/dame-1030-cot
Dining,Category,Bars,https://parker-house.com/collections/dining-bars/products/dame-2230s-cot
Dining,Category,Bars,https://parker-house.com/collections/dining-bars/products/dsun-1030s-ss
Dining,Category,Bars,https://parker-house.com/collections/dining-bars/products/dsun-2230s-ss
Dining,Category,Bars,https://parker-house.com/collections/dining-bars/products/dpur-22bc
Dining,Category,Bars,https://parker-house.com/collections/dining-bars/products/dpur-47-2
Dining,Category,Bars,https://parker-house.com/collections/dining-bars/products/dpur-78bar-2
Dining,Category,Bars,https://parker-house.com/collections/dining-bars/products/dpur-2530s
Dining,Category,Bars,https://parker-house.com/collections/dining-bars/products/desc-78bar-2
Dining,Category,Bars,https://parker-house.com/collections/dining-bars/products/desc-2230s
Dining,Category,Everywhere Consoles,https://parker-house.com/collections/everywhere-console/products/sun-09-4-ss
Dining,Category,Everywhere Consoles,https://parker-house.com/collections/everywhere-console/products/sun-09-4-sgr
Dining,Category,Everywhere Consoles,https://parker-house.com/collections/everywhere-console/products/ame-09-4-cot
Dining,Category,Seating,https://parker-house.com/collections/dining-seating/products/dame-1030-cot
Dining,Category,Seating,https://parker-house.com/collections/dining-seating/products/dame-1226-cot
Dining,Category,Seating,https://parker-house.com/collections/dining-seating/products/dame-1218-cot
Dining,Category,Seating,https://parker-house.com/collections/dining-seating/products/dame-2226
Dining,Category,Seating,https://parker-house.com/collections/dining-seating/products/dame-1026-cot
Dining,Category,Seating,https://parker-house.com/collections/dining-seating/products/dame-2118-blk
Dining,Category,Seating,https://parker-house.com/collections/dining-seating/products/dame-2518
Dining,Category,Seating,https://parker-house.com/collections/dining-seating/products/dame-2018-cot
Dining,Category,Seating,https://parker-house.com/collections/dining-seating/products/dame-2218
Dining,Category,Seating,https://parker-house.com/collections/dining-seating/products/dame-2230s-cot
Dining,Category,Seating,https://parker-house.com/collections/dining-seating/products/dbgo-drc-qmin
Dining,Category,Seating,https://parker-house.com/collections/dining-seating/products/dbgo-drc-qmln
Dining,Category,Seating,https://parker-house.com/collections/dining-seating/products/dbgo-drc-qmsg
Dining,Category,Seating,https://parker-house.com/collections/dining-seating/products/dced_1218-sma
Dining,Category,Seating,https://parker-house.com/collections/dining-seating/products/dced_2018-sma
Dining,Category,Seating,https://parker-house.com/collections/dining-seating/products/dced_2026-sma
Dining,Category,Seating,https://parker-house.com/collections/dining-seating/products/ddow-1264
Dining,Category,Seating,https://parker-house.com/collections/dining-seating/products/ddia-drc-elln
Dining,Category,Seating,https://parker-house.com/collections/dining-seating/products/ddia-drc-elnv
Dining,Category,Seating,https://parker-house.com/collections/dining-seating/products/ddia-drc-elrs
Dining,Category,Seating,https://parker-house.com/collections/dining-seating/products/desc-2118
Dining,Category,Seating,https://parker-house.com/collections/dining-seating/products/desc-2018
Dining,Category,Seating,https://parker-house.com/collections/dining-seating/products/desc-2230s
Dining,Category,Seating,https://parker-house.com/collections/dining-seating/products/desc-2618
Dining,Category,Seating,https://parker-house.com/collections/dining-seating/products/dlod-1226
Dining,Category,Seating,https://parker-house.com/collections/dining-seating/products/dlod-2226
Dining,Category,Seating,https://parker-house.com/collections/dining-seating/products/dlod-2526s
Dining,Category,Seating,https://parker-house.com/collections/dining-seating/products/dlod-1026s
Dining,Category,Seating,https://parker-house.com/collections/dining-seating/products/dpur-2118
Dining,Category,Seating,https://parker-house.com/collections/dining-seating/products/dpur-2018
Dining,Category,Seating,https://parker-house.com/collections/dining-seating/products/dpur-2518
Dining,Category,Seating,https://parker-house.com/collections/dining-seating/products/dpur-2618
Dining,Category,Seating,https://parker-house.com/collections/dining-seating/products/dpur-2530s
Dining,Category,Seating,https://parker-house.com/collections/dining-seating/products/dsie-drc-cpbr
Dining,Category,Seating,https://parker-house.com/collections/dining-seating/products/dsie-drc-cpsl
Dining,Category,Seating,https://parker-house.com/collections/dining-seating/products/dsie-drc-mrms
Dining,Category,Seating,https://parker-house.com/collections/dining-seating/products/dslp-drc-mtiv
Dining,Category,Seating,https://parker-house.com/collections/dining-seating/products/dsun-1226-ss
Dining,Category,Seating,https://parker-house.com/collections/dining-seating/products/dsun-2226-ss
Dining,Category,Seating,https://parker-house.com/collections/dining-seating/products/dsun-2018-ss
Dining,Category,Seating,https://parker-house.com/collections/dining-seating/products/dsun-2518-ss
Dining,Category,Seating,https://parker-house.com/collections/dining-seating/products/dsun-1030s-ss
Dining,Category,Seating,https://parker-house.com/collections/dining-seating/products/dsun-2230s-ss
Dining,Category,Serving & Display,https://parker-house.com/collections/dining-serving-and-display/products/dced_66sb-sma
Dining,Category,Serving & Display,https://parker-house.com/collections/dining-serving-and-display/products/desc-72
Dining,Category,Serving & Display,https://parker-house.com/collections/dining-serving-and-display/products/dpur-66-2
Dining,Category,Serving & Display,https://parker-house.com/collections/dining-serving-and-display/products/dpur-47-2
Dining,Category,Serving & Display,https://parker-house.com/collections/dining-serving-and-display/products/dpur-66b
Dining,Category,Serving & Display,https://parker-house.com/collections/dining-serving-and-display/products/dpur-47srv
Dining,Category,Serving & Display,https://parker-house.com/collections/dining-serving-and-display/products/dlod-66-2
Dining,Category,Serving & Display,https://parker-house.com/collections/dining-serving-and-display/products/dsun-66b-ss
Dining,Category,Serving & Display,https://parker-house.com/collections/dining-serving-and-display/products/dlod-66b
Dining,Category,Serving & Display,https://parker-house.com/collections/dining-serving-and-display/products/dsun-66-2-ss
Dining,Category,Serving & Display,https://parker-house.com/collections/dining-serving-and-display/products/dame-69-2-cot
Dining,Category,Serving & Display,https://parker-house.com/collections/dining-serving-and-display/products/dame-66b-cot
Dining,Category,Serving & Display,https://parker-house.com/collections/dining-serving-and-display/products/dame-66-2-cot
Dining,Category,Tables,https://parker-house.com/collections/tables/products/dame-48rnd-cot
Dining,Category,Tables,https://parker-house.com/collections/tables/products/dame-60rect-cot
Dining,Category,Tables,https://parker-house.com/collections/tables/products/dame-88tres-2-cot
Dining,Category,Tables,https://parker-house.com/collections/tables/products/dame-72ch-2-cot
Dining,Category,Tables,https://parker-house.com/collections/tables/products/dced_78rec-sma
Dining,Category,Tables,https://parker-house.com/collections/tables/products/dced_54-sma
Dining,Category,Tables,https://parker-house.com/collections/tables/products/ddow-60rnd
Dining,Category,Tables,https://parker-house.com/collections/tables/products/ddow-86rect
Dining,Category,Tables,https://parker-house.com/collections/tables/products/dede-84rect
Dining,Category,Tables,https://parker-house.com/collections/tables/products/dmon-86rect
Dining,Category,Tables,https://parker-house.com/collections/tables/products/desc-54rnd-2
Dining,Category,Tables,https://parker-house.com/collections/tables/products/desc-84rec-2
Dining,Category,Tables,https://parker-house.com/collections/tables/products/dlod-86ch-2
Dining,Category,Tables,https://parker-house.com/collections/tables/products/dpur-54rnd
Dining,Category,Tables,https://parker-house.com/collections/tables/products/dpur-60rnd
Dining,Category,Tables,https://parker-house.com/collections/tables/products/dsun-86rect-2-ss
Dining,Category,Tables,https://parker-house.com/collections/tables/products/dsun-74ch-2-ss
Dining,Category,Tables,https://parker-house.com/collections/tables/products/dsun-54rnd-ss
Office & Library,Desks & Credenzas,  Executive Desks,https://parker-house.com/collections/executive-desks/products/hun-480-3
Office & Library,Desks & Credenzas,  Executive Desks,https://parker-house.com/collections/executive-desks/products/pur-480-2
Office & Library,Desks & Credenzas,  Writing Desks,https://parker-house.com/collections/writing-desks/products/ame-360d-cot
Office & Library,Desks & Credenzas,  Writing Desks,https://parker-house.com/collections/writing-desks/products/ame-360d-den
Office & Library,Desks & Credenzas,  Writing Desks,https://parker-house.com/collections/writing-desks/products/ame-360d-dov
Office & Library,Desks & Credenzas,  Writing Desks,https://parker-house.com/collections/writing-desks/products/boc-347d
Office & Library,Desks & Credenzas,  Writing Desks,https://parker-house.com/collections/writing-desks/products/boc-357d
Office & Library,Desks & Credenzas,  Writing Desks,https://parker-house.com/collections/writing-desks/products/boc-485
Office & Library,Desks & Credenzas,  Writing Desks,https://parker-house.com/collections/writing-desks/products/ele-366d-welm
Office & Library,Desks & Credenzas,  Writing Desks,https://parker-house.com/collections/writing-desks/products/gram-9085
Office & Library,Desks & Credenzas,  Writing Desks,https://parker-house.com/collections/writing-desks/products/hun-485
Office & Library,Desks & Credenzas,  Writing Desks,https://parker-house.com/collections/writing-desks/products/tem-347d-gst
Office & Library,Desks & Credenzas,  Writing Desks,https://parker-house.com/collections/writing-desks/products/tem-347d-tob
Office & Library,Desks & Credenzas,  Writing Desks,https://parker-house.com/collections/writing-desks/products/was-485
Office & Library,Desks & Credenzas,  Motorized Sit/Stand Desks,https://parker-house.com/collections/motorized-sit-stand-lift-desks/products/ame-256-2-cot
Office & Library,Desks & Credenzas,  Motorized Sit/Stand Desks,https://parker-house.com/collections/motorized-sit-stand-lift-desks/products/ame-256-2-den
Office & Library,Desks & Credenzas,  Motorized Sit/Stand Desks,https://parker-house.com/collections/motorized-sit-stand-lift-desks/products/ame-256-2-dov
Office & Library,Desks & Credenzas,  Motorized Sit/Stand Desks,https://parker-house.com/collections/motorized-sit-stand-lift-desks/products/boc-257-2
Office & Library,Desks & Credenzas,  Workstations,https://parker-house.com/collections/workstations/products/ame-42507-cot
Office & Library,Desks & Credenzas,  Workstations,https://parker-house.com/collections/workstations/products/ame-350-3-dov
Office & Library,Desks & Credenzas,  Workstations,https://parker-house.com/collections/workstations/products/ame-350-3-cot
Office & Library,Desks & Credenzas,  Credenzas,https://parker-house.com/collections/credenza/products/ame-342f-cot
Office & Library,Desks & Credenzas,  Credenzas,https://parker-house.com/collections/credenza/products/ame-342f-den
Office & Library,Desks & Credenzas,  Credenzas,https://parker-house.com/collections/credenza/products/ame-342f-dov
Office & Library,Desks & Credenzas,  Credenzas,https://parker-house.com/collections/credenza/products/boc-347c
Office & Library,Desks & Credenzas,  Credenzas,https://parker-house.com/collections/credenza/products/lod-390
Office & Library,Desks & Credenzas,  Credenzas,https://parker-house.com/collections/credenza/products/pur-384c
Office & Library,Bookcases,Bookcases,https://parker-house.com/collections/bookcases/products/add-330
Office & Library,Bookcases,Bookcases,https://parker-house.com/collections/bookcases/products/ame-330-cot
Office & Library,Bookcases,Bookcases,https://parker-house.com/collections/bookcases/products/ame-330-den
Office & Library,Bookcases,Bookcases,https://parker-house.com/collections/bookcases/products/ame-330-dov
Office & Library,Bookcases,Bookcases,https://parker-house.com/collections/bookcases/products/boc-420
Office & Library,Bookcases,Bookcases,https://parker-house.com/collections/bookcases/products/boc-430
Office & Library,Bookcases,Bookcases,https://parker-house.com/collections/bookcases/products/cat-420
Office & Library,Bookcases,Bookcases,https://parker-house.com/collections/bookcases/products/cat-430
Office & Library,Bookcases,Bookcases,https://parker-house.com/collections/bookcases/products/dow-330
Office & Library,Bookcases,Bookcases,https://parker-house.com/collections/bookcases/products/ede-330
Office & Library,Bookcases,Bookcases,https://parker-house.com/collections/bookcases/products/pal-330
Office & Library,Bookcases,Bookcases,https://parker-house.com/collections/bookcases/products/ser-330
Office & Library,Bookcases,Bookcases,https://parker-house.com/collections/bookcases/products/hun-420
Office & Library,Bookcases,Bookcases,https://parker-house.com/collections/bookcases/products/hun-440
Office & Library,Bookcases,Bookcases,https://parker-house.com/collections/bookcases/products/hun-430
Office & Library,Bookcases,Bookcases,https://parker-house.com/collections/bookcases/products/pur-250ap
Office & Library,Bookcases,Bookcases,https://parker-house.com/collections/bookcases/products/sho-424-efw
Office & Library,Bookcases,Bookcases,https://parker-house.com/collections/bookcases/products/sho-424-mdr
Office & Library,Bookcases,Bookcases,https://parker-house.com/collections/bookcases/products/sho-435-mdr
Office & Library,Bookcases,Bookcases,https://parker-house.com/collections/bookcases/products/tem-320-gst
Office & Library,Bookcases,Bookcases,https://parker-house.com/collections/bookcases/products/tem-330-gst
Office & Library,Bookcases,Bookcases,https://parker-house.com/collections/bookcases/products/tem-250p-gst
Office & Library,Bookcases,Bookcases,https://parker-house.com/collections/bookcases/products/was-420
Office & Library,File Cabinets,File Cabinets,https://parker-house.com/collections/file-cabinets/products/add-374
Office & Library,File Cabinets,File Cabinets,https://parker-house.com/collections/file-cabinets/products/ame-342f-cot
Office & Library,File Cabinets,File Cabinets,https://parker-house.com/collections/file-cabinets/products/ame-342f-den
Office & Library,File Cabinets,File Cabinets,https://parker-house.com/collections/file-cabinets/products/ame-342f-dov
Office & Library,File Cabinets,File Cabinets,https://parker-house.com/collections/file-cabinets/products/ard-375
Office & Library,File Cabinets,File Cabinets,https://parker-house.com/collections/file-cabinets/products/boc-375
Office & Library,File Cabinets,File Cabinets,https://parker-house.com/collections/file-cabinets/products/cat-476f
Office & Library,File Cabinets,File Cabinets,https://parker-house.com/collections/file-cabinets/products/ele-336f-welm
Office & Library,File Cabinets,File Cabinets,https://parker-house.com/collections/file-cabinets/products/gram-9075
Office & Library,File Cabinets,File Cabinets,https://parker-house.com/collections/file-cabinets/products/hun-475
Office & Library,File Cabinets,File Cabinets,https://parker-house.com/collections/file-cabinets/products/pro-476f
Office & Library,File Cabinets,File Cabinets,https://parker-house.com/collections/file-cabinets/products/pur-384c
Office & Library,File Cabinets,File Cabinets,https://parker-house.com/collections/file-cabinets/products/pur-342f
Office & Library,File Cabinets,File Cabinets,https://parker-house.com/collections/file-cabinets/products/sho-442f-efw
Office & Library,File Cabinets,File Cabinets,https://parker-house.com/collections/file-cabinets/products/sho-442f-mdr
Office & Library,File Cabinets,File Cabinets,https://parker-house.com/collections/file-cabinets/products/tem-375-gst
Office & Library,Office Chairs,  Leather,https://parker-house.com/collections/office-chairs/products/dc-105-pbr
Office & Library,Office Chairs,  Leather,https://parker-house.com/collections/office-chairs/products/dc-105-pgr
Office & Library,Office Chairs,  Leather,https://parker-house.com/collections/office-chairs/products/dc-112-ha
Office & Library,Office Chairs,  Leather,https://parker-house.com/collections/office-chairs/products/dc-122-ala
Office & Library,Office Chairs,  Leather,https://parker-house.com/collections/office-chairs/products/dc-129-cyc
Office & Library,Office Chairs,  Leather,https://parker-house.com/collections/office-chairs/products/dc-129-vbr
Office & Library,Office Chairs,  Leather,https://parker-house.com/collections/office-chairs/products/dc-130-vby
Office & Library,Office Chairs,  Leather,https://parker-house.com/collections/office-chairs/products/dc-130-vli
Office & Library,Office Chairs,  Fabric,https://parker-house.com/collections/office-chairs-fabric/products/dc-300hd-caf
Office & Library,Office Chairs,  Fabric,https://parker-house.com/collections/office-chairs-fabric/products/dc-301-blk
Office & Library,Office Chairs,  Fabric,https://parker-house.com/collections/office-chairs-fabric/products/dc-312-ash
Office & Library,Office Chairs,  Fabric,https://parker-house.com/collections/office-chairs-fabric/products/dc-312-caf
Office & Library,Office Chairs,  Fabric,https://parker-house.com/collections/office-chairs-fabric/products/dc-313hd-ozo
Office & Library,Office Chairs,  Fabric,https://parker-house.com/collections/office-chairs-fabric/products/dc-313hd-par
Office & Library,Office Chairs,  Fabric,https://parker-house.com/collections/office-chairs-fabric/products/dc-314hd-cha
Office & Library,Office Chairs,  Fabric,https://parker-house.com/collections/office-chairs-fabric/products/dc-314hd-dk
Office & Library,Office Chairs,  Fabric,https://parker-house.com/collections/office-chairs-fabric/products/dc-315hd-cco
Office & Library,Office Chairs,  Fabric,https://parker-house.com/collections/office-chairs-fabric/products/dc-315hd-chz
Office & Library,Office Chairs,  Fabric,https://parker-house.com/collections/office-chairs-fabric/products/dc-316-gsi
Office & Library,Office Chairs,  Fabric,https://parker-house.com/collections/office-chairs-fabric/products/dc-316-gsm
Office & Library,Office Chairs,  Fabric,https://parker-house.com/collections/office-chairs-fabric/products/dc-317-gr
Office & Library,Office Chairs,  Fabric,https://parker-house.com/collections/office-chairs-fabric/products/dc-318-blk
Office & Library,Office Chairs,  Fabric,https://parker-house.com/collections/office-chairs-fabric/products/dc-500-meg
Office & Library,Office Chairs,  Fabric,https://parker-house.com/collections/office-chairs-fabric/products/dc-503-mze
Office & Library,Office Chairs,  Fabric,https://parker-house.com/collections/office-chairs-fabric/products/dc-504-hmc
Office & Library,Office Chairs,  Fabric,https://parker-house.com/collections/office-chairs-fabric/products/dc-504-hmg
Office & Library,Office Chairs,  Fabric,https://parker-house.com/collections/office-chairs-fabric/products/dc-504-hmi
Office & Library,Office Chairs,  Fabric,https://parker-house.com/collections/office-chairs-fabric/products/dc-505-bkn
Office & Library,Office Chairs,  Fabric,https://parker-house.com/collections/office-chairs-fabric/products/dc-506-adb
Office & Library,Office Chairs,  Fabric,https://parker-house.com/collections/office-chairs-fabric/products/dc-506-auo
Office & Library,Office Chairs,  Fabric,https://parker-house.com/collections/office-chairs-fabric/products/dc-506-mrb
Bedroom,Americana Modern Bedroom,Americana Modern Bedroom,https://parker-house.com/collections/americana-modern/products/ame-51303-cot
Bedroom,Americana Modern Bedroom,Americana Modern Bedroom,https://parker-house.com/collections/americana-modern/products/ame-52232-cot
Bedroom,Americana Modern Bedroom,Americana Modern Bedroom,https://parker-house.com/collections/americana-modern/products/ame-42507-cot
Bedroom,Americana Modern Bedroom,Americana Modern Bedroom,https://parker-house.com/collections/americana-modern/products/ame-21689-cot
Bedroom,Americana Modern Bedroom,Americana Modern Bedroom,https://parker-house.com/collections/americana-modern/products/ame-41405-cot
Bedroom,Americana Modern Bedroom,Americana Modern Bedroom,https://parker-house.com/collections/americana-modern/products/ame-3144-cot
Bedroom,Americana Modern Bedroom,Americana Modern Bedroom,https://parker-house.com/collections/americana-modern/products/bame-1150-3-cot
Bedroom,Americana Modern Bedroom,Americana Modern Bedroom,https://parker-house.com/collections/americana-modern/products/bame-1266-3-cot
Bedroom,Americana Modern Bedroom,Americana Modern Bedroom,https://parker-house.com/collections/americana-modern/products/bame-1250-3-cot
Bedroom,Americana Modern Bedroom,Americana Modern Bedroom,https://parker-house.com/collections/americana-modern/products/bame-1166-3-cot
Bedroom,Escape Bedroom,Escape Bedroom,https://parker-house.com/collections/escape-bedroom/products/besc-1266-3
Bedroom,Escape Bedroom,Escape Bedroom,https://parker-house.com/collections/escape-bedroom/products/besc-1150-3
Bedroom,Escape Bedroom,Escape Bedroom,https://parker-house.com/collections/escape-bedroom/products/besc-1250-3
Bedroom,Escape Bedroom,Escape Bedroom,https://parker-house.com/collections/escape-bedroom/products/besc-41385
Bedroom,Escape Bedroom,Escape Bedroom,https://parker-house.com/collections/escape-bedroom/products/besc-2131-2
Bedroom,Escape Bedroom,Escape Bedroom,https://parker-house.com/collections/escape-bedroom/products/besc-1166-3
Bedroom,Escape Bedroom,Escape Bedroom,https://parker-house.com/collections/escape-bedroom/products/besc-9000-3-fyrr
Bedroom,Escape Bedroom,Escape Bedroom,https://parker-house.com/collections/escape-bedroom/products/besc-8000-3-fyrr
Bedroom,Escape Bedroom,Escape Bedroom,https://parker-house.com/collections/escape-bedroom/products/besc-51302
Bedroom,Pure Modern Bedroom,Pure Modern Bedroom,https://parker-house.com/collections/pure-modern-bedroom/products/bpur-1166-3
Bedroom,Pure Modern Bedroom,Pure Modern Bedroom,https://parker-house.com/collections/pure-modern-bedroom/products/bpur-2131-2
Bedroom,Pure Modern Bedroom,Pure Modern Bedroom,https://parker-house.com/collections/pure-modern-bedroom/products/bpur-1266-3
Bedroom,Pure Modern Bedroom,Pure Modern Bedroom,https://parker-house.com/collections/pure-modern-bedroom/products/bpur-4405
Bedroom,Pure Modern Bedroom,Pure Modern Bedroom,https://parker-house.com/collections/pure-modern-bedroom/products/bpur-3154
Bedroom,Pure Modern Bedroom,Pure Modern Bedroom,https://parker-house.com/collections/pure-modern-bedroom/products/bpur-1266-4
Bedroom,Pure Modern Bedroom,Pure Modern Bedroom,https://parker-house.com/collections/pure-modern-bedroom/products/bpur-1250-4
Bedroom,Pure Modern Bedroom,Pure Modern Bedroom,https://parker-house.com/collections/pure-modern-bedroom/products/bpur-1250-3
Bedroom,Pure Modern Bedroom,Pure Modern Bedroom,https://parker-house.com/collections/pure-modern-bedroom/products/bpur-21706
Bedroom,Pure Modern Bedroom,Pure Modern Bedroom,https://parker-house.com/collections/pure-modern-bedroom/products/bpur-1150-3
Bedroom,Pure Modern Bedroom,Pure Modern Bedroom,https://parker-house.com/collections/pure-modern-bedroom/products/bpur-51282
Bedroom,Storage Benches,Storage Benches,https://parker-house.com/collections/benches/products/dced_1218-sma
